{
    "summary_statistics": {
        "total_records": 100,
        "date_range": "2024-01-02 00:00:00 to 2024-02-07 00:00:00",
        "total_cost": 56332.139999999985,
        "average_cost": 563.3213999999998,
        "unique_vehicles": 98,
        "unique_dealers": 95
    },
    "vehicle_analysis": {
        "platform_analysis": {
            "platform_distribution": {
                "Full-Size Trucks": 52,
                "Full-Size Utility": 13,
                "Crossover SUV": 11,
                "Global Crossover Vehicles": 7,
                "Global Gamma": 7,
                "BEV": 5,
                "Luxury Car-3": 1,
                "Global Gamma Vehicles": 1,
                "GLOBAL EPSILON II": 1,
                "Alpha": 1,
                "Luxury Car-2": 1
            },
            "body_style_by_platform": {
                "2 Door Coupe": {
                    "Alpha": 1,
                    "BEV": 0,
                    "Crossover SUV": 0,
                    "Full-Size Trucks": 0,
                    "Full-Size Utility": 0,
                    "GLOBAL EPSILON II": 0,
                    "Global Crossover Vehicles": 0,
                    "Global Gamma": 0,
                    "Global Gamma Vehicles": 0,
                    "Luxury Car-2": 0,
                    "Luxury Car-3": 0
                },
                "4 Door Sedan": {
                    "Alpha": 0,
                    "BEV": 0,
                    "Crossover SUV": 0,
                    "Full-Size Trucks": 0,
                    "Full-Size Utility": 0,
                    "GLOBAL EPSILON II": 0,
                    "Global Crossover Vehicles": 0,
                    "Global Gamma": 7,
                    "Global Gamma Vehicles": 1,
                    "Luxury Car-2": 1,
                    "Luxury Car-3": 1
                },
                "4 Door Utility": {
                    "Alpha": 0,
                    "BEV": 5,
                    "Crossover SUV": 11,
                    "Full-Size Trucks": 0,
                    "Full-Size Utility": 13,
                    "GLOBAL EPSILON II": 1,
                    "Global Crossover Vehicles": 7,
                    "Global Gamma": 0,
                    "Global Gamma Vehicles": 0,
                    "Luxury Car-2": 0,
                    "Luxury Car-3": 0
                },
                "Crew Cab": {
                    "Alpha": 0,
                    "BEV": 0,
                    "Crossover SUV": 0,
                    "Full-Size Trucks": 50,
                    "Full-Size Utility": 0,
                    "GLOBAL EPSILON II": 0,
                    "Global Crossover Vehicles": 0,
                    "Global Gamma": 0,
                    "Global Gamma Vehicles": 0,
                    "Luxury Car-2": 0,
                    "Luxury Car-3": 0
                },
                "Extended Cab": {
                    "Alpha": 0,
                    "BEV": 0,
                    "Crossover SUV": 0,
                    "Full-Size Trucks": 1,
                    "Full-Size Utility": 0,
                    "GLOBAL EPSILON II": 0,
                    "Global Crossover Vehicles": 0,
                    "Global Gamma": 0,
                    "Global Gamma Vehicles": 0,
                    "Luxury Car-2": 0,
                    "Luxury Car-3": 0
                },
                "Single Cab": {
                    "Alpha": 0,
                    "BEV": 0,
                    "Crossover SUV": 0,
                    "Full-Size Trucks": 1,
                    "Full-Size Utility": 0,
                    "GLOBAL EPSILON II": 0,
                    "Global Crossover Vehicles": 0,
                    "Global Gamma": 0,
                    "Global Gamma Vehicles": 0,
                    "Luxury Car-2": 0,
                    "Luxury Car-3": 0
                }
            },
            "avg_repair_cost_by_platform": {
                "Alpha": 687.11,
                "BEV": 1662.3700000000001,
                "Crossover SUV": 405.2372727272727,
                "Full-Size Trucks": 472.17115384615386,
                "Full-Size Utility": 531.9769230769231,
                "GLOBAL EPSILON II": 394.32,
                "Global Crossover Vehicles": 828.9014285714285,
                "Global Gamma": 548.6571428571428,
                "Global Gamma Vehicles": 412.41,
                "Luxury Car-2": 394.83,
                "Luxury Car-3": 562.5
            }
        },
        "powertrain_analysis": {
            "engine_types": {
                "GAS, 8 CYL, 5.3L, V8, DI, DFM, ALUM, GEN 5": 24,
                "GAS, 8 CYL, V8, 6.2L, DI, DFM, ALUM, GEN 5": 17,
                "NONE": 12,
                "GAS, 6 CYL, 3.6L, V6, DI, DOHC, VVT, ALUM, GEN 2": 11,
                "DIESEL, 8 CYL, 6.6L, DI, V8, TURBO, DURAMAX, GEN 5 VAR. 1": 9,
                "DIESEL, 6 CYL, 3.0L, CRI, L6, DOHC, TURBO, VGT, AL UM, CSS50V": 7,
                "GAS, 4 CYL, L4, 2.0L, SIDI, DOHC, VVT, ALUM, TURB O, VAR 3": 5,
                "GAS, 6 CYL, V6, 3.6L, SIDI, DOHC, ATSS, GEN 1+": 5,
                "DIESEL, 6 CYL, 3.0L, CRI, L6, DOHC, TURBO, VGT, ALUM, CSS50V, VAR. 2": 4,
                "GAS, 8 CYL, 6.6L, SIDI, VVT, CAST IRON": 4,
                "GAS, 4 CYL, 1.4L, MFI, DOHC, TURBO, VVT, ALUM, GME E85 MAX": 1,
                "GAS, 8 CYL, 6.2L, DI, AFM, VVT, HO, ALUM, GMNA": 1
            },
            "transmission_types": {
                "BYT 10 SPD, 10L80, GRX, GEN 1, ATSS, ETRS, VAR 1": 28,
                "TRANSMISSION BYT 9 SPD, 9T65, ETRS GEN 1": 12,
                "BYT 10 SPD, 10L80, ATSS, ETRS, CPA, GEN 2": 10,
                "BYT 10 SPD, 10R1000, GRX, GEN 1, VAR 1": 9,
                "BYT 10 SPD, 10L80, ATSS, CPA, GEN 2": 7,
                "BYT, ELECTRIC, GM, GEM, GEN 2, DRIVE UNIT, X68F": 7,
                "NONE": 5,
                "BYT 9 SPD, 9T65, GEN 1": 4,
                "BYT 8 SPD, 8L90, ATSS, CPA, GEN 1": 4,
                "BYT 10 SPD, RWD 4.54 1ST, 2.86 2ND, 2.06 3RD, 1.7 1 4TH, 1.48 5TH, 1.26 6TH, 1.00 7TH, 10L": 3,
                "BYT 10 SPD, 10R80, GRX, GEN 1, ATSS, VAR 1": 2,
                "BYT 9 SPD, 9T60, ETRS GEN 1": 1,
                "BYT 10 SPD, 10L60, GEN 1, ATSS, ETRS, VAR 1": 1,
                "BYT 10 SPD, 10R80, ATSS, ETRS, CPA, GEN 2": 1,
                "BYT 6 SPD, HMD, X23F": 1,
                "BYT 9 SPD, 9T50, ETRS GEN 1": 1,
                "BYT 10 SPD, 10L80, GRX, VAR 1, GEN 1": 1,
                "BYT 8 SPD, 8L45, BAS+": 1,
                "BYT 6 SPD, HMD, 6L90": 1,
                "EU:N:X:Z|TRANSMISSION BYT 9 SPD, 9T60, GEN 1": 1
            },
            "common_combinations": {
                "BYT 10 SPD, 10L60, GEN 1, ATSS, ETRS, VAR 1": {
                    "DIESEL, 6 CYL, 3.0L, CRI, L6, DOHC, TURBO, VGT, AL UM, CSS50V": 0,
                    "DIESEL, 6 CYL, 3.0L, CRI, L6, DOHC, TURBO, VGT, ALUM, CSS50V, VAR. 2": 0,
                    "DIESEL, 8 CYL, 6.6L, DI, V8, TURBO, DURAMAX, GEN 5 VAR. 1": 0,
                    "GAS, 4 CYL, 1.4L, MFI, DOHC, TURBO, VVT, ALUM, GME E85 MAX": 0,
                    "GAS, 4 CYL, L4, 2.0L, SIDI, DOHC, VVT, ALUM, TURB O, VAR 3": 1,
                    "GAS, 6 CYL, 3.6L, V6, DI, DOHC, VVT, ALUM, GEN 2": 0,
                    "GAS, 6 CYL, V6, 3.6L, SIDI, DOHC, ATSS, GEN 1+": 0,
                    "GAS, 8 CYL, 5.3L, V8, DI, DFM, ALUM, GEN 5": 0,
                    "GAS, 8 CYL, 6.2L, DI, AFM, VVT, HO, ALUM, GMNA": 0,
                    "GAS, 8 CYL, 6.6L, SIDI, VVT, CAST IRON": 0,
                    "GAS, 8 CYL, V8, 6.2L, DI, DFM, ALUM, GEN 5": 0,
                    "NONE": 0
                },
                "BYT 10 SPD, 10L80, ATSS, CPA, GEN 2": {
                    "DIESEL, 6 CYL, 3.0L, CRI, L6, DOHC, TURBO, VGT, AL UM, CSS50V": 1,
                    "DIESEL, 6 CYL, 3.0L, CRI, L6, DOHC, TURBO, VGT, ALUM, CSS50V, VAR. 2": 0,
                    "DIESEL, 8 CYL, 6.6L, DI, V8, TURBO, DURAMAX, GEN 5 VAR. 1": 0,
                    "GAS, 4 CYL, 1.4L, MFI, DOHC, TURBO, VVT, ALUM, GME E85 MAX": 0,
                    "GAS, 4 CYL, L4, 2.0L, SIDI, DOHC, VVT, ALUM, TURB O, VAR 3": 0,
                    "GAS, 6 CYL, 3.6L, V6, DI, DOHC, VVT, ALUM, GEN 2": 0,
                    "GAS, 6 CYL, V6, 3.6L, SIDI, DOHC, ATSS, GEN 1+": 0,
                    "GAS, 8 CYL, 5.3L, V8, DI, DFM, ALUM, GEN 5": 4,
                    "GAS, 8 CYL, 6.2L, DI, AFM, VVT, HO, ALUM, GMNA": 0,
                    "GAS, 8 CYL, 6.6L, SIDI, VVT, CAST IRON": 0,
                    "GAS, 8 CYL, V8, 6.2L, DI, DFM, ALUM, GEN 5": 2,
                    "NONE": 0
                },
                "BYT 10 SPD, 10L80, ATSS, ETRS, CPA, GEN 2": {
                    "DIESEL, 6 CYL, 3.0L, CRI, L6, DOHC, TURBO, VGT, AL UM, CSS50V": 6,
                    "DIESEL, 6 CYL, 3.0L, CRI, L6, DOHC, TURBO, VGT, ALUM, CSS50V, VAR. 2": 4,
                    "DIESEL, 8 CYL, 6.6L, DI, V8, TURBO, DURAMAX, GEN 5 VAR. 1": 0,
                    "GAS, 4 CYL, 1.4L, MFI, DOHC, TURBO, VVT, ALUM, GME E85 MAX": 0,
                    "GAS, 4 CYL, L4, 2.0L, SIDI, DOHC, VVT, ALUM, TURB O, VAR 3": 0,
                    "GAS, 6 CYL, 3.6L, V6, DI, DOHC, VVT, ALUM, GEN 2": 0,
                    "GAS, 6 CYL, V6, 3.6L, SIDI, DOHC, ATSS, GEN 1+": 0,
                    "GAS, 8 CYL, 5.3L, V8, DI, DFM, ALUM, GEN 5": 0,
                    "GAS, 8 CYL, 6.2L, DI, AFM, VVT, HO, ALUM, GMNA": 0,
                    "GAS, 8 CYL, 6.6L, SIDI, VVT, CAST IRON": 0,
                    "GAS, 8 CYL, V8, 6.2L, DI, DFM, ALUM, GEN 5": 0,
                    "NONE": 0
                },
                "BYT 10 SPD, 10L80, GRX, GEN 1, ATSS, ETRS, VAR 1": {
                    "DIESEL, 6 CYL, 3.0L, CRI, L6, DOHC, TURBO, VGT, AL UM, CSS50V": 0,
                    "DIESEL, 6 CYL, 3.0L, CRI, L6, DOHC, TURBO, VGT, ALUM, CSS50V, VAR. 2": 0,
                    "DIESEL, 8 CYL, 6.6L, DI, V8, TURBO, DURAMAX, GEN 5 VAR. 1": 0,
                    "GAS, 4 CYL, 1.4L, MFI, DOHC, TURBO, VVT, ALUM, GME E85 MAX": 0,
                    "GAS, 4 CYL, L4, 2.0L, SIDI, DOHC, VVT, ALUM, TURB O, VAR 3": 0,
                    "GAS, 6 CYL, 3.6L, V6, DI, DOHC, VVT, ALUM, GEN 2": 0,
                    "GAS, 6 CYL, V6, 3.6L, SIDI, DOHC, ATSS, GEN 1+": 0,
                    "GAS, 8 CYL, 5.3L, V8, DI, DFM, ALUM, GEN 5": 14,
                    "GAS, 8 CYL, 6.2L, DI, AFM, VVT, HO, ALUM, GMNA": 0,
                    "GAS, 8 CYL, 6.6L, SIDI, VVT, CAST IRON": 0,
                    "GAS, 8 CYL, V8, 6.2L, DI, DFM, ALUM, GEN 5": 14,
                    "NONE": 0
                },
                "BYT 10 SPD, 10L80, GRX, VAR 1, GEN 1": {
                    "DIESEL, 6 CYL, 3.0L, CRI, L6, DOHC, TURBO, VGT, AL UM, CSS50V": 0,
                    "DIESEL, 6 CYL, 3.0L, CRI, L6, DOHC, TURBO, VGT, ALUM, CSS50V, VAR. 2": 0,
                    "DIESEL, 8 CYL, 6.6L, DI, V8, TURBO, DURAMAX, GEN 5 VAR. 1": 0,
                    "GAS, 4 CYL, 1.4L, MFI, DOHC, TURBO, VVT, ALUM, GME E85 MAX": 0,
                    "GAS, 4 CYL, L4, 2.0L, SIDI, DOHC, VVT, ALUM, TURB O, VAR 3": 0,
                    "GAS, 6 CYL, 3.6L, V6, DI, DOHC, VVT, ALUM, GEN 2": 0,
                    "GAS, 6 CYL, V6, 3.6L, SIDI, DOHC, ATSS, GEN 1+": 0,
                    "GAS, 8 CYL, 5.3L, V8, DI, DFM, ALUM, GEN 5": 0,
                    "GAS, 8 CYL, 6.2L, DI, AFM, VVT, HO, ALUM, GMNA": 1,
                    "GAS, 8 CYL, 6.6L, SIDI, VVT, CAST IRON": 0,
                    "GAS, 8 CYL, V8, 6.2L, DI, DFM, ALUM, GEN 5": 0,
                    "NONE": 0
                },
                "BYT 10 SPD, 10R1000, GRX, GEN 1, VAR 1": {
                    "DIESEL, 6 CYL, 3.0L, CRI, L6, DOHC, TURBO, VGT, AL UM, CSS50V": 0,
                    "DIESEL, 6 CYL, 3.0L, CRI, L6, DOHC, TURBO, VGT, ALUM, CSS50V, VAR. 2": 0,
                    "DIESEL, 8 CYL, 6.6L, DI, V8, TURBO, DURAMAX, GEN 5 VAR. 1": 9,
                    "GAS, 4 CYL, 1.4L, MFI, DOHC, TURBO, VVT, ALUM, GME E85 MAX": 0,
                    "GAS, 4 CYL, L4, 2.0L, SIDI, DOHC, VVT, ALUM, TURB O, VAR 3": 0,
                    "GAS, 6 CYL, 3.6L, V6, DI, DOHC, VVT, ALUM, GEN 2": 0,
                    "GAS, 6 CYL, V6, 3.6L, SIDI, DOHC, ATSS, GEN 1+": 0,
                    "GAS, 8 CYL, 5.3L, V8, DI, DFM, ALUM, GEN 5": 0,
                    "GAS, 8 CYL, 6.2L, DI, AFM, VVT, HO, ALUM, GMNA": 0,
                    "GAS, 8 CYL, 6.6L, SIDI, VVT, CAST IRON": 0,
                    "GAS, 8 CYL, V8, 6.2L, DI, DFM, ALUM, GEN 5": 0,
                    "NONE": 0
                },
                "BYT 10 SPD, 10R80, ATSS, ETRS, CPA, GEN 2": {
                    "DIESEL, 6 CYL, 3.0L, CRI, L6, DOHC, TURBO, VGT, AL UM, CSS50V": 0,
                    "DIESEL, 6 CYL, 3.0L, CRI, L6, DOHC, TURBO, VGT, ALUM, CSS50V, VAR. 2": 0,
                    "DIESEL, 8 CYL, 6.6L, DI, V8, TURBO, DURAMAX, GEN 5 VAR. 1": 0,
                    "GAS, 4 CYL, 1.4L, MFI, DOHC, TURBO, VVT, ALUM, GME E85 MAX": 0,
                    "GAS, 4 CYL, L4, 2.0L, SIDI, DOHC, VVT, ALUM, TURB O, VAR 3": 0,
                    "GAS, 6 CYL, 3.6L, V6, DI, DOHC, VVT, ALUM, GEN 2": 0,
                    "GAS, 6 CYL, V6, 3.6L, SIDI, DOHC, ATSS, GEN 1+": 0,
                    "GAS, 8 CYL, 5.3L, V8, DI, DFM, ALUM, GEN 5": 0,
                    "GAS, 8 CYL, 6.2L, DI, AFM, VVT, HO, ALUM, GMNA": 0,
                    "GAS, 8 CYL, 6.6L, SIDI, VVT, CAST IRON": 0,
                    "GAS, 8 CYL, V8, 6.2L, DI, DFM, ALUM, GEN 5": 1,
                    "NONE": 0
                },
                "BYT 10 SPD, 10R80, GRX, GEN 1, ATSS, VAR 1": {
                    "DIESEL, 6 CYL, 3.0L, CRI, L6, DOHC, TURBO, VGT, AL UM, CSS50V": 0,
                    "DIESEL, 6 CYL, 3.0L, CRI, L6, DOHC, TURBO, VGT, ALUM, CSS50V, VAR. 2": 0,
                    "DIESEL, 8 CYL, 6.6L, DI, V8, TURBO, DURAMAX, GEN 5 VAR. 1": 0,
                    "GAS, 4 CYL, 1.4L, MFI, DOHC, TURBO, VVT, ALUM, GME E85 MAX": 0,
                    "GAS, 4 CYL, L4, 2.0L, SIDI, DOHC, VVT, ALUM, TURB O, VAR 3": 0,
                    "GAS, 6 CYL, 3.6L, V6, DI, DOHC, VVT, ALUM, GEN 2": 0,
                    "GAS, 6 CYL, V6, 3.6L, SIDI, DOHC, ATSS, GEN 1+": 0,
                    "GAS, 8 CYL, 5.3L, V8, DI, DFM, ALUM, GEN 5": 2,
                    "GAS, 8 CYL, 6.2L, DI, AFM, VVT, HO, ALUM, GMNA": 0,
                    "GAS, 8 CYL, 6.6L, SIDI, VVT, CAST IRON": 0,
                    "GAS, 8 CYL, V8, 6.2L, DI, DFM, ALUM, GEN 5": 0,
                    "NONE": 0
                },
                "BYT 10 SPD, RWD 4.54 1ST, 2.86 2ND, 2.06 3RD, 1.7 1 4TH, 1.48 5TH, 1.26 6TH, 1.00 7TH, 10L": {
                    "DIESEL, 6 CYL, 3.0L, CRI, L6, DOHC, TURBO, VGT, AL UM, CSS50V": 0,
                    "DIESEL, 6 CYL, 3.0L, CRI, L6, DOHC, TURBO, VGT, ALUM, CSS50V, VAR. 2": 0,
                    "DIESEL, 8 CYL, 6.6L, DI, V8, TURBO, DURAMAX, GEN 5 VAR. 1": 0,
                    "GAS, 4 CYL, 1.4L, MFI, DOHC, TURBO, VVT, ALUM, GME E85 MAX": 0,
                    "GAS, 4 CYL, L4, 2.0L, SIDI, DOHC, VVT, ALUM, TURB O, VAR 3": 0,
                    "GAS, 6 CYL, 3.6L, V6, DI, DOHC, VVT, ALUM, GEN 2": 0,
                    "GAS, 6 CYL, V6, 3.6L, SIDI, DOHC, ATSS, GEN 1+": 0,
                    "GAS, 8 CYL, 5.3L, V8, DI, DFM, ALUM, GEN 5": 0,
                    "GAS, 8 CYL, 6.2L, DI, AFM, VVT, HO, ALUM, GMNA": 0,
                    "GAS, 8 CYL, 6.6L, SIDI, VVT, CAST IRON": 3,
                    "GAS, 8 CYL, V8, 6.2L, DI, DFM, ALUM, GEN 5": 0,
                    "NONE": 0
                },
                "BYT 6 SPD, HMD, 6L90": {
                    "DIESEL, 6 CYL, 3.0L, CRI, L6, DOHC, TURBO, VGT, AL UM, CSS50V": 0,
                    "DIESEL, 6 CYL, 3.0L, CRI, L6, DOHC, TURBO, VGT, ALUM, CSS50V, VAR. 2": 0,
                    "DIESEL, 8 CYL, 6.6L, DI, V8, TURBO, DURAMAX, GEN 5 VAR. 1": 0,
                    "GAS, 4 CYL, 1.4L, MFI, DOHC, TURBO, VVT, ALUM, GME E85 MAX": 0,
                    "GAS, 4 CYL, L4, 2.0L, SIDI, DOHC, VVT, ALUM, TURB O, VAR 3": 0,
                    "GAS, 6 CYL, 3.6L, V6, DI, DOHC, VVT, ALUM, GEN 2": 0,
                    "GAS, 6 CYL, V6, 3.6L, SIDI, DOHC, ATSS, GEN 1+": 0,
                    "GAS, 8 CYL, 5.3L, V8, DI, DFM, ALUM, GEN 5": 0,
                    "GAS, 8 CYL, 6.2L, DI, AFM, VVT, HO, ALUM, GMNA": 0,
                    "GAS, 8 CYL, 6.6L, SIDI, VVT, CAST IRON": 1,
                    "GAS, 8 CYL, V8, 6.2L, DI, DFM, ALUM, GEN 5": 0,
                    "NONE": 0
                },
                "BYT 6 SPD, HMD, X23F": {
                    "DIESEL, 6 CYL, 3.0L, CRI, L6, DOHC, TURBO, VGT, AL UM, CSS50V": 0,
                    "DIESEL, 6 CYL, 3.0L, CRI, L6, DOHC, TURBO, VGT, ALUM, CSS50V, VAR. 2": 0,
                    "DIESEL, 8 CYL, 6.6L, DI, V8, TURBO, DURAMAX, GEN 5 VAR. 1": 0,
                    "GAS, 4 CYL, 1.4L, MFI, DOHC, TURBO, VVT, ALUM, GME E85 MAX": 1,
                    "GAS, 4 CYL, L4, 2.0L, SIDI, DOHC, VVT, ALUM, TURB O, VAR 3": 0,
                    "GAS, 6 CYL, 3.6L, V6, DI, DOHC, VVT, ALUM, GEN 2": 0,
                    "GAS, 6 CYL, V6, 3.6L, SIDI, DOHC, ATSS, GEN 1+": 0,
                    "GAS, 8 CYL, 5.3L, V8, DI, DFM, ALUM, GEN 5": 0,
                    "GAS, 8 CYL, 6.2L, DI, AFM, VVT, HO, ALUM, GMNA": 0,
                    "GAS, 8 CYL, 6.6L, SIDI, VVT, CAST IRON": 0,
                    "GAS, 8 CYL, V8, 6.2L, DI, DFM, ALUM, GEN 5": 0,
                    "NONE": 0
                },
                "BYT 8 SPD, 8L45, BAS+": {
                    "DIESEL, 6 CYL, 3.0L, CRI, L6, DOHC, TURBO, VGT, AL UM, CSS50V": 0,
                    "DIESEL, 6 CYL, 3.0L, CRI, L6, DOHC, TURBO, VGT, ALUM, CSS50V, VAR. 2": 0,
                    "DIESEL, 8 CYL, 6.6L, DI, V8, TURBO, DURAMAX, GEN 5 VAR. 1": 0,
                    "GAS, 4 CYL, 1.4L, MFI, DOHC, TURBO, VVT, ALUM, GME E85 MAX": 0,
                    "GAS, 4 CYL, L4, 2.0L, SIDI, DOHC, VVT, ALUM, TURB O, VAR 3": 1,
                    "GAS, 6 CYL, 3.6L, V6, DI, DOHC, VVT, ALUM, GEN 2": 0,
                    "GAS, 6 CYL, V6, 3.6L, SIDI, DOHC, ATSS, GEN 1+": 0,
                    "GAS, 8 CYL, 5.3L, V8, DI, DFM, ALUM, GEN 5": 0,
                    "GAS, 8 CYL, 6.2L, DI, AFM, VVT, HO, ALUM, GMNA": 0,
                    "GAS, 8 CYL, 6.6L, SIDI, VVT, CAST IRON": 0,
                    "GAS, 8 CYL, V8, 6.2L, DI, DFM, ALUM, GEN 5": 0,
                    "NONE": 0
                },
                "BYT 8 SPD, 8L90, ATSS, CPA, GEN 1": {
                    "DIESEL, 6 CYL, 3.0L, CRI, L6, DOHC, TURBO, VGT, AL UM, CSS50V": 0,
                    "DIESEL, 6 CYL, 3.0L, CRI, L6, DOHC, TURBO, VGT, ALUM, CSS50V, VAR. 2": 0,
                    "DIESEL, 8 CYL, 6.6L, DI, V8, TURBO, DURAMAX, GEN 5 VAR. 1": 0,
                    "GAS, 4 CYL, 1.4L, MFI, DOHC, TURBO, VVT, ALUM, GME E85 MAX": 0,
                    "GAS, 4 CYL, L4, 2.0L, SIDI, DOHC, VVT, ALUM, TURB O, VAR 3": 0,
                    "GAS, 6 CYL, 3.6L, V6, DI, DOHC, VVT, ALUM, GEN 2": 0,
                    "GAS, 6 CYL, V6, 3.6L, SIDI, DOHC, ATSS, GEN 1+": 0,
                    "GAS, 8 CYL, 5.3L, V8, DI, DFM, ALUM, GEN 5": 4,
                    "GAS, 8 CYL, 6.2L, DI, AFM, VVT, HO, ALUM, GMNA": 0,
                    "GAS, 8 CYL, 6.6L, SIDI, VVT, CAST IRON": 0,
                    "GAS, 8 CYL, V8, 6.2L, DI, DFM, ALUM, GEN 5": 0,
                    "NONE": 0
                },
                "BYT 9 SPD, 9T50, ETRS GEN 1": {
                    "DIESEL, 6 CYL, 3.0L, CRI, L6, DOHC, TURBO, VGT, AL UM, CSS50V": 0,
                    "DIESEL, 6 CYL, 3.0L, CRI, L6, DOHC, TURBO, VGT, ALUM, CSS50V, VAR. 2": 0,
                    "DIESEL, 8 CYL, 6.6L, DI, V8, TURBO, DURAMAX, GEN 5 VAR. 1": 0,
                    "GAS, 4 CYL, 1.4L, MFI, DOHC, TURBO, VVT, ALUM, GME E85 MAX": 0,
                    "GAS, 4 CYL, L4, 2.0L, SIDI, DOHC, VVT, ALUM, TURB O, VAR 3": 1,
                    "GAS, 6 CYL, 3.6L, V6, DI, DOHC, VVT, ALUM, GEN 2": 0,
                    "GAS, 6 CYL, V6, 3.6L, SIDI, DOHC, ATSS, GEN 1+": 0,
                    "GAS, 8 CYL, 5.3L, V8, DI, DFM, ALUM, GEN 5": 0,
                    "GAS, 8 CYL, 6.2L, DI, AFM, VVT, HO, ALUM, GMNA": 0,
                    "GAS, 8 CYL, 6.6L, SIDI, VVT, CAST IRON": 0,
                    "GAS, 8 CYL, V8, 6.2L, DI, DFM, ALUM, GEN 5": 0,
                    "NONE": 0
                },
                "BYT 9 SPD, 9T60, ETRS GEN 1": {
                    "DIESEL, 6 CYL, 3.0L, CRI, L6, DOHC, TURBO, VGT, AL UM, CSS50V": 0,
                    "DIESEL, 6 CYL, 3.0L, CRI, L6, DOHC, TURBO, VGT, ALUM, CSS50V, VAR. 2": 0,
                    "DIESEL, 8 CYL, 6.6L, DI, V8, TURBO, DURAMAX, GEN 5 VAR. 1": 0,
                    "GAS, 4 CYL, 1.4L, MFI, DOHC, TURBO, VVT, ALUM, GME E85 MAX": 0,
                    "GAS, 4 CYL, L4, 2.0L, SIDI, DOHC, VVT, ALUM, TURB O, VAR 3": 1,
                    "GAS, 6 CYL, 3.6L, V6, DI, DOHC, VVT, ALUM, GEN 2": 0,
                    "GAS, 6 CYL, V6, 3.6L, SIDI, DOHC, ATSS, GEN 1+": 0,
                    "GAS, 8 CYL, 5.3L, V8, DI, DFM, ALUM, GEN 5": 0,
                    "GAS, 8 CYL, 6.2L, DI, AFM, VVT, HO, ALUM, GMNA": 0,
                    "GAS, 8 CYL, 6.6L, SIDI, VVT, CAST IRON": 0,
                    "GAS, 8 CYL, V8, 6.2L, DI, DFM, ALUM, GEN 5": 0,
                    "NONE": 0
                },
                "BYT 9 SPD, 9T65, GEN 1": {
                    "DIESEL, 6 CYL, 3.0L, CRI, L6, DOHC, TURBO, VGT, AL UM, CSS50V": 0,
                    "DIESEL, 6 CYL, 3.0L, CRI, L6, DOHC, TURBO, VGT, ALUM, CSS50V, VAR. 2": 0,
                    "DIESEL, 8 CYL, 6.6L, DI, V8, TURBO, DURAMAX, GEN 5 VAR. 1": 0,
                    "GAS, 4 CYL, 1.4L, MFI, DOHC, TURBO, VVT, ALUM, GME E85 MAX": 0,
                    "GAS, 4 CYL, L4, 2.0L, SIDI, DOHC, VVT, ALUM, TURB O, VAR 3": 0,
                    "GAS, 6 CYL, 3.6L, V6, DI, DOHC, VVT, ALUM, GEN 2": 2,
                    "GAS, 6 CYL, V6, 3.6L, SIDI, DOHC, ATSS, GEN 1+": 2,
                    "GAS, 8 CYL, 5.3L, V8, DI, DFM, ALUM, GEN 5": 0,
                    "GAS, 8 CYL, 6.2L, DI, AFM, VVT, HO, ALUM, GMNA": 0,
                    "GAS, 8 CYL, 6.6L, SIDI, VVT, CAST IRON": 0,
                    "GAS, 8 CYL, V8, 6.2L, DI, DFM, ALUM, GEN 5": 0,
                    "NONE": 0
                },
                "BYT, ELECTRIC, GM, GEM, GEN 2, DRIVE UNIT, X68F": {
                    "DIESEL, 6 CYL, 3.0L, CRI, L6, DOHC, TURBO, VGT, AL UM, CSS50V": 0,
                    "DIESEL, 6 CYL, 3.0L, CRI, L6, DOHC, TURBO, VGT, ALUM, CSS50V, VAR. 2": 0,
                    "DIESEL, 8 CYL, 6.6L, DI, V8, TURBO, DURAMAX, GEN 5 VAR. 1": 0,
                    "GAS, 4 CYL, 1.4L, MFI, DOHC, TURBO, VVT, ALUM, GME E85 MAX": 0,
                    "GAS, 4 CYL, L4, 2.0L, SIDI, DOHC, VVT, ALUM, TURB O, VAR 3": 0,
                    "GAS, 6 CYL, 3.6L, V6, DI, DOHC, VVT, ALUM, GEN 2": 0,
                    "GAS, 6 CYL, V6, 3.6L, SIDI, DOHC, ATSS, GEN 1+": 0,
                    "GAS, 8 CYL, 5.3L, V8, DI, DFM, ALUM, GEN 5": 0,
                    "GAS, 8 CYL, 6.2L, DI, AFM, VVT, HO, ALUM, GMNA": 0,
                    "GAS, 8 CYL, 6.6L, SIDI, VVT, CAST IRON": 0,
                    "GAS, 8 CYL, V8, 6.2L, DI, DFM, ALUM, GEN 5": 0,
                    "NONE": 7
                },
                "EU:N:X:Z|TRANSMISSION BYT 9 SPD, 9T60, GEN 1": {
                    "DIESEL, 6 CYL, 3.0L, CRI, L6, DOHC, TURBO, VGT, AL UM, CSS50V": 0,
                    "DIESEL, 6 CYL, 3.0L, CRI, L6, DOHC, TURBO, VGT, ALUM, CSS50V, VAR. 2": 0,
                    "DIESEL, 8 CYL, 6.6L, DI, V8, TURBO, DURAMAX, GEN 5 VAR. 1": 0,
                    "GAS, 4 CYL, 1.4L, MFI, DOHC, TURBO, VVT, ALUM, GME E85 MAX": 0,
                    "GAS, 4 CYL, L4, 2.0L, SIDI, DOHC, VVT, ALUM, TURB O, VAR 3": 1,
                    "GAS, 6 CYL, 3.6L, V6, DI, DOHC, VVT, ALUM, GEN 2": 0,
                    "GAS, 6 CYL, V6, 3.6L, SIDI, DOHC, ATSS, GEN 1+": 0,
                    "GAS, 8 CYL, 5.3L, V8, DI, DFM, ALUM, GEN 5": 0,
                    "GAS, 8 CYL, 6.2L, DI, AFM, VVT, HO, ALUM, GMNA": 0,
                    "GAS, 8 CYL, 6.6L, SIDI, VVT, CAST IRON": 0,
                    "GAS, 8 CYL, V8, 6.2L, DI, DFM, ALUM, GEN 5": 0,
                    "NONE": 0
                },
                "NONE": {
                    "DIESEL, 6 CYL, 3.0L, CRI, L6, DOHC, TURBO, VGT, AL UM, CSS50V": 0,
                    "DIESEL, 6 CYL, 3.0L, CRI, L6, DOHC, TURBO, VGT, ALUM, CSS50V, VAR. 2": 0,
                    "DIESEL, 8 CYL, 6.6L, DI, V8, TURBO, DURAMAX, GEN 5 VAR. 1": 0,
                    "GAS, 4 CYL, 1.4L, MFI, DOHC, TURBO, VVT, ALUM, GME E85 MAX": 0,
                    "GAS, 4 CYL, L4, 2.0L, SIDI, DOHC, VVT, ALUM, TURB O, VAR 3": 0,
                    "GAS, 6 CYL, 3.6L, V6, DI, DOHC, VVT, ALUM, GEN 2": 0,
                    "GAS, 6 CYL, V6, 3.6L, SIDI, DOHC, ATSS, GEN 1+": 0,
                    "GAS, 8 CYL, 5.3L, V8, DI, DFM, ALUM, GEN 5": 0,
                    "GAS, 8 CYL, 6.2L, DI, AFM, VVT, HO, ALUM, GMNA": 0,
                    "GAS, 8 CYL, 6.6L, SIDI, VVT, CAST IRON": 0,
                    "GAS, 8 CYL, V8, 6.2L, DI, DFM, ALUM, GEN 5": 0,
                    "NONE": 5
                },
                "TRANSMISSION BYT 9 SPD, 9T65, ETRS GEN 1": {
                    "DIESEL, 6 CYL, 3.0L, CRI, L6, DOHC, TURBO, VGT, AL UM, CSS50V": 0,
                    "DIESEL, 6 CYL, 3.0L, CRI, L6, DOHC, TURBO, VGT, ALUM, CSS50V, VAR. 2": 0,
                    "DIESEL, 8 CYL, 6.6L, DI, V8, TURBO, DURAMAX, GEN 5 VAR. 1": 0,
                    "GAS, 4 CYL, 1.4L, MFI, DOHC, TURBO, VVT, ALUM, GME E85 MAX": 0,
                    "GAS, 4 CYL, L4, 2.0L, SIDI, DOHC, VVT, ALUM, TURB O, VAR 3": 0,
                    "GAS, 6 CYL, 3.6L, V6, DI, DOHC, VVT, ALUM, GEN 2": 9,
                    "GAS, 6 CYL, V6, 3.6L, SIDI, DOHC, ATSS, GEN 1+": 3,
                    "GAS, 8 CYL, 5.3L, V8, DI, DFM, ALUM, GEN 5": 0,
                    "GAS, 8 CYL, 6.2L, DI, AFM, VVT, HO, ALUM, GMNA": 0,
                    "GAS, 8 CYL, 6.6L, SIDI, VVT, CAST IRON": 0,
                    "GAS, 8 CYL, V8, 6.2L, DI, DFM, ALUM, GEN 5": 0,
                    "NONE": 0
                }
            }
        }
    },
    "repair_analysis": {
        "common_parts": {
            "WHEEL ASM-STRG *JET BLACK": 45,
            "WHEEL ASM-STRG *BLACK": 12,
            "WHEEL ASM-STRG *VERY DARK AT": 7,
            "WHEEL ASM-STRG *BACKEN BLACKK": 5,
            "": 5,
            "MODULE ASM-STRG WHL HT CONT": 5,
            "HARNESS ASM-STRG WHL HORN SW WRG": 4,
            "COVER-STRG WHL SPOKE *HI GLOSS V-C": 3,
            "APPLIQUE ASM-STRG WHL TR SPOKE CVR *VULCAN": 2,
            "APPLIQUE ASM-STRG WHL TR SPOKE CVR *SYNTHESIS": 2
        },
        "labor_codes": {
            "130": 78,
            "50": 11,
            "2400": 6,
            "20": 5
        },
        "avg_repair_age": 14.94,
        "avg_vehicle_km": 24914.23,
        "cost_statistics": {
            "mean_total_cost": 563.3213999999998,
            "median_total_cost": 455.805,
            "cost_by_platform": {
                "Alpha": 687.11,
                "BEV": 1662.3700000000001,
                "Crossover SUV": 405.2372727272727,
                "Full-Size Trucks": 472.17115384615386,
                "Full-Size Utility": 531.9769230769231,
                "GLOBAL EPSILON II": 394.32,
                "Global Crossover Vehicles": 828.9014285714285,
                "Global Gamma": 548.6571428571428,
                "Global Gamma Vehicles": 412.41,
                "Luxury Car-2": 394.83,
                "Luxury Car-3": 562.5
            }
        }
    },
    "customer_feedback": {
        "complaint_distribution": {
            "0-0890": 40,
            "0-0310": 33,
            "0-0312": 12,
            "0-0621": 7,
            "0-0313": 4,
            "0-0316": 2,
            "0-0315": 2
        },
        "common_themes": {
            "performance": 2,
            "quality": 1,
            "safety": 1
        },
        "feedback_by_platform": {
            "false": {
                "Alpha": 1,
                "BEV": 5,
                "Crossover SUV": 11,
                "Full-Size Trucks": 48,
                "Full-Size Utility": 13,
                "GLOBAL EPSILON II": 1,
                "Global Crossover Vehicles": 7,
                "Global Gamma": 7,
                "Global Gamma Vehicles": 1,
                "Luxury Car-2": 1,
                "Luxury Car-3": 1
            },
            "true": {
                "Alpha": 0,
                "BEV": 0,
                "Crossover SUV": 0,
                "Full-Size Trucks": 4,
                "Full-Size Utility": 0,
                "GLOBAL EPSILON II": 0,
                "Global Crossover Vehicles": 0,
                "Global Gamma": 0,
                "Global Gamma Vehicles": 0,
                "Luxury Car-2": 0,
                "Luxury Car-3": 0
            }
        }
    },
    "geographical_analysis": {
        "repairs_by_state": {
            "FL": 9,
            "CA": 9,
            "TX": 8,
            "OH": 6,
            "MI": 5,
            "ON": 5,
            "PA": 5,
            "IL": 4,
            "MN": 4,
            "BC": 3,
            "VA": 3,
            "NJ": 3,
            "DE": 2,
            "LA": 2,
            "AZ": 2,
            "PQ": 2,
            "MA": 2,
            "Unknown": 2,
            "MO": 2,
            "NY": 2,
            "SA": 1,
            "NV": 1,
            "OR": 1,
            "IN": 1,
            "MD": 1,
            "MS": 1,
            "AR": 1,
            "ID": 1,
            "AL": 1,
            "GJ": 1,
            "OK": 1,
            "PE": 1,
            "CO": 1,
            "ND": 1,
            "GA": 1,
            "AB": 1,
            "NE": 1,
            "WA": 1,
            "WI": 1,
            "CT": 1
        },
        "repairs_by_region": {
            "1": 97,
            "4": 3
        },
        "avg_cost_by_region": {
            "1": 570.6672164948453,
            "4": 325.8066666666667
        },
        "dealer_distribution": {
            "dealers_per_state": {
                "AB": 1,
                "AL": 1,
                "AR": 1,
                "AZ": 2,
                "BC": 3,
                "CA": 7,
                "CO": 1,
                "CT": 1,
                "DE": 2,
                "FL": 9,
                "GA": 1,
                "GJ": 1,
                "ID": 1,
                "IL": 3,
                "IN": 1,
                "LA": 2,
                "MA": 2,
                "MD": 1,
                "MI": 5,
                "MN": 3,
                "MO": 2,
                "MS": 1,
                "ND": 1,
                "NE": 1,
                "NJ": 3,
                "NV": 1,
                "NY": 2,
                "OH": 6,
                "OK": 1,
                "ON": 5,
                "OR": 1,
                "PA": 5,
                "PE": 1,
                "PQ": 2,
                "SA": 1,
                "TX": 7,
                "Unknown": 2,
                "VA": 3,
                "WA": 1,
                "WI": 1
            },
            "repairs_per_dealer": {
                "count": 95.0,
                "mean": 1.0526315789473684,
                "std": 0.26770979256410143,
                "min": 1.0,
                "25%": 1.0,
                "50%": 1.0,
                "75%": 1.0,
                "max": 3.0
            }
        }
    }
}